Logosrc,Company,Contract_type,Last_update,Location
https://cdn-images.welcometothejungle.com/MTfoSsgCRrHplKqeDbicCCP3cSg5GWeUd2dGMMb2kE8/w:200/q:85/czM6Ly93dHRqLXBy/b2R1Y3Rpb24vdXBs/b2Fkcy9vcmdhbml6/YXRpb24vbG9nby83/NTE5LzE1MzI2OS85/YmQ4NmYzOS1lY2My/LTRjNDktOTkwMS1i/YmJlMWMwOWEyZmUu/cG5n,Virtuo,Stage,il y a 6 heures,Paris
https://cdn-images.welcometothejungle.com/5FAaG2t-SnN04wbamBh7U5pAJsQec7nkJwgFsLqQGKI/w:200/q:85/czM6Ly93dHRqLXBy/b2R1Y3Rpb24vdXBs/b2Fkcy9vcmdhbml6/YXRpb24vbG9nby8w/NTk4LzE1OTcxNS85/ZTJmMzdkZi01MzE0/LTQzNGMtYmY2ZC0y/MWM3NTBkNjk2NjEu/cG5n,Pennylane,CDI,il y a 7 heures,Télétravail total possible
https://cdn-images.welcometothejungle.com/iUd59mAF5kBdFvjpkMd6OuX4JuwzH7HIA6Me-SgJT9o/w:200/q:85/czM6Ly93dHRqLXBy/b2R1Y3Rpb24vdXBs/b2Fkcy9vcmdhbml6/YXRpb24vbG9nby8x/MTQwLzE1NzUwMi84/ZDFjM2QyNi1lYTcx/LTQ5OGItOTE0ZC0x/NmMyZGVkOGRkMDku/anBn,Fashion,CDI,il y a 7 heures,Télétravail partiel possible
https://cdn-images.welcometothejungle.com/O6YE5XIM0FFMeOC8hHO82wbK2NH0beHSrpglFDi_X24/w:200/q:85/czM6Ly93dHRqLXBy/b2R1Y3Rpb24vdXBs/b2Fkcy9vcmdhbml6/YXRpb24vbG9nby83/MDcxLzE2MDc5Ni9i/NmFmZjM1OS0wNWU2/LTRjMGUtOTkwZi1m/NzlhZGJlNWViMmMu/cG5n,LittleBigCode,CDI,il y a 7 heures,Neuilly-Sur-Seine
https://cdn-images.welcometothejungle.com/7nkrhHK7dL_bChNIQNUJZLFcB0fLGXp1ewFN1sc14pQ/w:200/q:85/czM6Ly93dHRqLXBy/b2R1Y3Rpb24vdXBs/b2Fkcy9vcmdhbml6/YXRpb24vbG9nby80/MTIyLzE1NDUwNC83/ZjFhM2YwOC1kZTll/LTQ4OGUtYjcwYy0y/OTZmOGU1OGU0MmIu/anBn,Margo,CDI,il y a 9 heures,Paris
https://cdn-images.welcometothejungle.com/Nzc-9_qgqvO9WyJ6IQu2FGsnHUUo0J8Q4YETF16UuAM/w:200/q:85/czM6Ly93dHRqLXBy/b2R1Y3Rpb24vdXBs/b2Fkcy9vcmdhbml6/YXRpb24vbG9nby8w/NjAxLzE1MjE1Ni84/MmUzNDlhMC02YTRi/LTRkMTktOWYyZS05/OThjOWU5MmU4OTgu/cG5n,Ad Scientiam,CDI,il y a 12 heures,Paris
https://cdn-images.welcometothejungle.com/gr9MYT1gS-t_C5mVjKGfX3dvksl-esXHpNZsdKbXf7E/w:200/q:85/czM6Ly93dHRqLXBy/b2R1Y3Rpb24vdXBs/b2Fkcy9vcmdhbml6/YXRpb24vbG9nby83/MjI5LzE1MDgxNS81/NjBlOTk2MC03MjYw/LTQ2YjEtOWUzNy05/YzE1NTNlMTMzYzEu/cG5n,Pretto,Stage,il y a 14 heures,Paris
https://cdn-images.welcometothejungle.com/uqXunUrJ32s5y5NB99ayO7KkRNMlc5BPigkJAW5zp3E/w:200/q:85/czM6Ly93dHRqLXBy/b2R1Y3Rpb24vdXBs/b2Fkcy9vcmdhbml6/YXRpb24vbG9nby84/MzU1LzE1ODk5OC80/YmEzMjkxMy04ODMw/LTQ2NzEtYjlmZi0z/OTM4NWQyMTExNjAu/cG5n,Vianova,CDI,il y a 14 heures,Télétravail partiel possible
https://cdn-images.welcometothejungle.com/Ny93J_XnxXihtrUbHvLrP_MAbM-mj0nopt673fCwftg/w:200/q:85/czM6Ly93dHRqLXBy/b2R1Y3Rpb24vdXBs/b2Fkcy9vcmdhbml6/YXRpb24vbG9nby80/MjI0LzE1MTM3OC8x/NmQ1MjFmOC0zYjdi/LTQ3MTYtYmM3OS1l/YmZiNzI1ZWFmZTUu/cG5n,namR,Alternance,il y a 15 heures,Télétravail partiel possible
https://cdn-images.welcometothejungle.com/Ny93J_XnxXihtrUbHvLrP_MAbM-mj0nopt673fCwftg/w:200/q:85/czM6Ly93dHRqLXBy/b2R1Y3Rpb24vdXBs/b2Fkcy9vcmdhbml6/YXRpb24vbG9nby80/MjI0LzE1MTM3OC8x/NmQ1MjFmOC0zYjdi/LTQ3MTYtYmM3OS1l/YmZiNzI1ZWFmZTUu/cG5n,namR,CDI,il y a 15 heures,Paris
https://cdn-images.welcometothejungle.com/9d-7HS8Dr_vygrkjEU6l4NRdHlagtF8RWTkyFON86Pw/w:200/q:85/czM6Ly93dHRqLXBy/b2R1Y3Rpb24vdXBs/b2Fkcy9vcmdhbml6/YXRpb24vbG9nby85/OTU4LzE1MTkyMC8z/ZjFhODY5OS0wY2Iz/LTQxNDEtOWEzMi0z/YmNjYzViOTdhYWQu/cG5n,Société Générale,Alternance,il y a 3 jours,Courbevoie
https://cdn-images.welcometothejungle.com/weYyoA7FEPrJWZtCt5fhupsuAFi-IDNTSiEz0Lr2AtA/w:200/q:85/czM6Ly93dHRqLXBy/b2R1Y3Rpb24vdXBs/b2Fkcy9vcmdhbml6/YXRpb24vbG9nby8y/MDU3LzE0ODIyNC8z/NDg2NzcyOS03ZTY3/LTQwYjgtOTU4ZS1i/Njc2ZmNhNjBkNjMu/anBn,Botify,CDI,il y a 3 jours,Paris
https://cdn-images.welcometothejungle.com/LvNtj18BZTMMuRF2rTwvi9-pxJv9TGv4swyh6p1AT-4/w:200/q:85/czM6Ly93dHRqLXBy/b2R1Y3Rpb24vdXBs/b2Fkcy9vcmdhbml6/YXRpb24vbG9nby85/Mzg1LzE1ODk4Ny9m/YWYyZTBhMy1jMmM4/LTQ4OWUtOTcyOC1l/NzJhMDM4N2NmY2Uu/cG5n,Datascientest,Stage,il y a 3 jours,Puteaux
https://cdn-images.welcometothejungle.com/PXIcd4F4yqFvnz_XaSUiFktkpeR-hDJboysQAPpvnIs/w:200/q:85/czM6Ly93dHRqLXBy/b2R1Y3Rpb24vdXBs/b2Fkcy9vcmdhbml6/YXRpb24vbG9nby80/ODQ1LzE1NzkwMS8x/NTBmMWVjZi02ZTRj/LTRkNzEtYTQwNi1i/OWZlNzY2OGQ0OWQu/cG5n,DialOnce,CDI,il y a 4 jours,Télétravail partiel possible
https://cdn-images.welcometothejungle.com/FnZQGxmsoFRF790Rof0dbAQdZo7zkZuM6f4aqfG94zk/w:200/q:85/czM6Ly93dHRqLXBy/b2R1Y3Rpb24vdXBs/b2Fkcy9vcmdhbml6/YXRpb24vbG9nby80/MzM0LzE0ODU4Ny80/MmM3M2I4MS0wYTc1/LTQ1N2ItODA2NS00/ZjE0ZGZlZjZkOTYu/cG5n,Deepki,CDI,il y a 5 jours,Paris
https://cdn-images.welcometothejungle.com/lqNLuc337_QaNRZlsW__nVIotOQ-G3fT_jwlA1e3w9c/w:200/q:85/czM6Ly93dHRqLXBy/b2R1Y3Rpb24vdXBs/b2Fkcy9vcmdhbml6/YXRpb24vbG9nby82/MzU0LzE1Njk1MC8x/OTFlYzRjOC04ZTgx/LTRhMmMtYTU1Mi1m/ZDM0ODFkOTllMjcu/cG5n,FLEXPER,CDI,il y a 5 jours,Télétravail partiel possible
https://cdn-images.welcometothejungle.com/lqNLuc337_QaNRZlsW__nVIotOQ-G3fT_jwlA1e3w9c/w:200/q:85/czM6Ly93dHRqLXBy/b2R1Y3Rpb24vdXBs/b2Fkcy9vcmdhbml6/YXRpb24vbG9nby82/MzU0LzE1Njk1MC8x/OTFlYzRjOC04ZTgx/LTRhMmMtYTU1Mi1m/ZDM0ODFkOTllMjcu/cG5n,FLEXPER,CDI,il y a 5 jours,Télétravail partiel possible
https://cdn-images.welcometothejungle.com/zoOWsQz2NXuwh778RICw2AI2t-4CtuHjvw1nR-5ksXA/w:200/q:85/czM6Ly93dHRqLXBy/b2R1Y3Rpb24vdXBs/b2Fkcy9vcmdhbml6/YXRpb24vbG9nby8z/Mjc5LzE1MDQxOS82/MTljYWY4YS1iOWE4/LTQyNDktOWFhMi01/NTYwNWEwYWFmNTUu/cG5n,MWM,CDI,il y a 5 jours,Paris
https://cdn-images.welcometothejungle.com/71epAyCCZ1V7J9ohRpfemt2KA4pvPWkwT1qir7VFh4U/w:200/q:85/czM6Ly93dHRqLXBy/b2R1Y3Rpb24vdXBs/b2Fkcy9vcmdhbml6/YXRpb24vbG9nby8z/NjY3LzE0OTgxMy8y/YWQxMDkzZC1mZjNk/LTRkYzAtOGRkMi00/ZjRjZjkwMWM5Mjku/cG5n,Vizzit,CDI,il y a 6 jours,Paris
https://cdn-images.welcometothejungle.com/-NgRous1DyQujgh3Lp3ILHpeiCvomAlJX8F4wLB0at8/w:200/q:85/czM6Ly93dHRqLXBy/b2R1Y3Rpb24vdXBs/b2Fkcy9vcmdhbml6/YXRpb24vbG9nby8y/NDM2LzE1NDgyNi80/NWFjNDYwZi05ODdh/LTRlOWUtOGVmMy0z/YTUzOWRlODFmNzEu/cG5n,QuantCube Technology,CDI,il y a 7 jours,Paris
https://cdn-images.welcometothejungle.com/N8jwRetyvQv_zPtfFVb9gs2iFVZ0FU5DI71zeOzsnWE/w:200/q:85/czM6Ly93dHRqLXBy/b2R1Y3Rpb24vdXBs/b2Fkcy9vcmdhbml6/YXRpb24vbG9nby84/NTY0LzE0ODAwNy9h/ZGIyZTc0NC0yMzAx/LTQ3NzEtYTVkOC1j/ZDJjM2E0ZmY5NTYu/cG5n,Shift Technology,Stage,il y a 10 jours,Paris
https://cdn-images.welcometothejungle.com/N8jwRetyvQv_zPtfFVb9gs2iFVZ0FU5DI71zeOzsnWE/w:200/q:85/czM6Ly93dHRqLXBy/b2R1Y3Rpb24vdXBs/b2Fkcy9vcmdhbml6/YXRpb24vbG9nby84/NTY0LzE0ODAwNy9h/ZGIyZTc0NC0yMzAx/LTQ3NzEtYTVkOC1j/ZDJjM2E0ZmY5NTYu/cG5n,Shift Technology,CDI,il y a 10 jours,Paris
https://cdn-images.welcometothejungle.com/N8jwRetyvQv_zPtfFVb9gs2iFVZ0FU5DI71zeOzsnWE/w:200/q:85/czM6Ly93dHRqLXBy/b2R1Y3Rpb24vdXBs/b2Fkcy9vcmdhbml6/YXRpb24vbG9nby84/NTY0LzE0ODAwNy9h/ZGIyZTc0NC0yMzAx/LTQ3NzEtYTVkOC1j/ZDJjM2E0ZmY5NTYu/cG5n,Shift Technology,CDI,il y a 10 jours,Paris
https://cdn-images.welcometothejungle.com/N8jwRetyvQv_zPtfFVb9gs2iFVZ0FU5DI71zeOzsnWE/w:200/q:85/czM6Ly93dHRqLXBy/b2R1Y3Rpb24vdXBs/b2Fkcy9vcmdhbml6/YXRpb24vbG9nby84/NTY0LzE0ODAwNy9h/ZGIyZTc0NC0yMzAx/LTQ3NzEtYTVkOC1j/ZDJjM2E0ZmY5NTYu/cG5n,Shift Technology,CDI,il y a 10 jours,Paris
https://cdn-images.welcometothejungle.com/N8jwRetyvQv_zPtfFVb9gs2iFVZ0FU5DI71zeOzsnWE/w:200/q:85/czM6Ly93dHRqLXBy/b2R1Y3Rpb24vdXBs/b2Fkcy9vcmdhbml6/YXRpb24vbG9nby84/NTY0LzE0ODAwNy9h/ZGIyZTc0NC0yMzAx/LTQ3NzEtYTVkOC1j/ZDJjM2E0ZmY5NTYu/cG5n,Shift Technology,Stage,il y a 10 jours,Paris
https://cdn-images.welcometothejungle.com/N8jwRetyvQv_zPtfFVb9gs2iFVZ0FU5DI71zeOzsnWE/w:200/q:85/czM6Ly93dHRqLXBy/b2R1Y3Rpb24vdXBs/b2Fkcy9vcmdhbml6/YXRpb24vbG9nby84/NTY0LzE0ODAwNy9h/ZGIyZTc0NC0yMzAx/LTQ3NzEtYTVkOC1j/ZDJjM2E0ZmY5NTYu/cG5n,Shift Technology,CDI,il y a 10 jours,Paris
https://cdn-images.welcometothejungle.com/O6YE5XIM0FFMeOC8hHO82wbK2NH0beHSrpglFDi_X24/w:200/q:85/czM6Ly93dHRqLXBy/b2R1Y3Rpb24vdXBs/b2Fkcy9vcmdhbml6/YXRpb24vbG9nby83/MDcxLzE2MDc5Ni9i/NmFmZjM1OS0wNWU2/LTRjMGUtOTkwZi1m/NzlhZGJlNWViMmMu/cG5n,LittleBigCode,CDI,il y a 10 jours,Neuilly-Sur-Seine
https://cdn-images.welcometothejungle.com/vmJ0-5CqSnNI39XpdUicjPVl8INYppJHZXSOQcclIo4/w:200/q:85/czM6Ly93dHRqLXBy/b2R1Y3Rpb24vdXBs/b2Fkcy9vcmdhbml6/YXRpb24vbG9nby8w/Mjg4LzE2MjI0NS82/NGRlOGMyNi0wYTVm/LTQzNmMtOGI3OC0w/MGQ0YzM0Mjc2MjYu/cG5n,Dataleon,CDI,il y a 11 jours,Levallois-Perret
https://cdn-images.welcometothejungle.com/K1e9vtNcQ5XYtcpLRboT4Wd3T_8iO4YK-QqqtaJBgOs/w:200/q:85/czM6Ly93dHRqLXBy/b2R1Y3Rpb24vdXBs/b2Fkcy9vcmdhbml6/YXRpb24vbG9nby84/NzI2LzE1NTkxMS85/NGYwYTc3ZS00NDhh/LTRhZDMtOWE4Mi03/YWFjYjdiYjVhODUu/anBn,relevanC,CDI,il y a 11 jours,Paris
https://cdn-images.welcometothejungle.com/L753MhvTkt-RZft30Yfgk4cQymvX7ZLg5_Bkf0PPt2M/w:200/q:85/czM6Ly93dHRqLXBy/b2R1Y3Rpb24vdXBs/b2Fkcy9vcmdhbml6/YXRpb24vbG9nby8x/MjYzLzE2MTE4My83/MjM2NDE2Mi0wMDdj/LTRkZDgtOTlmZS00/OWI5MGIzMzE4NjAu/cG5n,Sanofi,CDI,il y a 12 jours,Gentilly
Logosrc,Company,Contract_type,Last_update,Location
https://cdn-images.welcometothejungle.com/MTfoSsgCRrHplKqeDbicCCP3cSg5GWeUd2dGMMb2kE8/w:200/q:85/czM6Ly93dHRqLXBy/b2R1Y3Rpb24vdXBs/b2Fkcy9vcmdhbml6/YXRpb24vbG9nby83/NTE5LzE1MzI2OS85/YmQ4NmYzOS1lY2My/LTRjNDktOTkwMS1i/YmJlMWMwOWEyZmUu/cG5n,Virtuo,Stage,il y a 6 heures,Paris
https://cdn-images.welcometothejungle.com/5FAaG2t-SnN04wbamBh7U5pAJsQec7nkJwgFsLqQGKI/w:200/q:85/czM6Ly93dHRqLXBy/b2R1Y3Rpb24vdXBs/b2Fkcy9vcmdhbml6/YXRpb24vbG9nby8w/NTk4LzE1OTcxNS85/ZTJmMzdkZi01MzE0/LTQzNGMtYmY2ZC0y/MWM3NTBkNjk2NjEu/cG5n,Pennylane,CDI,il y a 7 heures,Télétravail total possible
https://cdn-images.welcometothejungle.com/iUd59mAF5kBdFvjpkMd6OuX4JuwzH7HIA6Me-SgJT9o/w:200/q:85/czM6Ly93dHRqLXBy/b2R1Y3Rpb24vdXBs/b2Fkcy9vcmdhbml6/YXRpb24vbG9nby8x/MTQwLzE1NzUwMi84/ZDFjM2QyNi1lYTcx/LTQ5OGItOTE0ZC0x/NmMyZGVkOGRkMDku/anBn,Fashion,CDI,il y a 7 heures,Télétravail partiel possible
https://cdn-images.welcometothejungle.com/O6YE5XIM0FFMeOC8hHO82wbK2NH0beHSrpglFDi_X24/w:200/q:85/czM6Ly93dHRqLXBy/b2R1Y3Rpb24vdXBs/b2Fkcy9vcmdhbml6/YXRpb24vbG9nby83/MDcxLzE2MDc5Ni9i/NmFmZjM1OS0wNWU2/LTRjMGUtOTkwZi1m/NzlhZGJlNWViMmMu/cG5n,LittleBigCode,CDI,il y a 7 heures,Neuilly-Sur-Seine
https://cdn-images.welcometothejungle.com/7nkrhHK7dL_bChNIQNUJZLFcB0fLGXp1ewFN1sc14pQ/w:200/q:85/czM6Ly93dHRqLXBy/b2R1Y3Rpb24vdXBs/b2Fkcy9vcmdhbml6/YXRpb24vbG9nby80/MTIyLzE1NDUwNC83/ZjFhM2YwOC1kZTll/LTQ4OGUtYjcwYy0y/OTZmOGU1OGU0MmIu/anBn,Margo,CDI,il y a 9 heures,Paris
https://cdn-images.welcometothejungle.com/Nzc-9_qgqvO9WyJ6IQu2FGsnHUUo0J8Q4YETF16UuAM/w:200/q:85/czM6Ly93dHRqLXBy/b2R1Y3Rpb24vdXBs/b2Fkcy9vcmdhbml6/YXRpb24vbG9nby8w/NjAxLzE1MjE1Ni84/MmUzNDlhMC02YTRi/LTRkMTktOWYyZS05/OThjOWU5MmU4OTgu/cG5n,Ad Scientiam,CDI,il y a 12 heures,Paris
https://cdn-images.welcometothejungle.com/gr9MYT1gS-t_C5mVjKGfX3dvksl-esXHpNZsdKbXf7E/w:200/q:85/czM6Ly93dHRqLXBy/b2R1Y3Rpb24vdXBs/b2Fkcy9vcmdhbml6/YXRpb24vbG9nby83/MjI5LzE1MDgxNS81/NjBlOTk2MC03MjYw/LTQ2YjEtOWUzNy05/YzE1NTNlMTMzYzEu/cG5n,Pretto,Stage,il y a 14 heures,Paris
https://cdn-images.welcometothejungle.com/uqXunUrJ32s5y5NB99ayO7KkRNMlc5BPigkJAW5zp3E/w:200/q:85/czM6Ly93dHRqLXBy/b2R1Y3Rpb24vdXBs/b2Fkcy9vcmdhbml6/YXRpb24vbG9nby84/MzU1LzE1ODk5OC80/YmEzMjkxMy04ODMw/LTQ2NzEtYjlmZi0z/OTM4NWQyMTExNjAu/cG5n,Vianova,CDI,il y a 14 heures,Télétravail partiel possible
https://cdn-images.welcometothejungle.com/Ny93J_XnxXihtrUbHvLrP_MAbM-mj0nopt673fCwftg/w:200/q:85/czM6Ly93dHRqLXBy/b2R1Y3Rpb24vdXBs/b2Fkcy9vcmdhbml6/YXRpb24vbG9nby80/MjI0LzE1MTM3OC8x/NmQ1MjFmOC0zYjdi/LTQ3MTYtYmM3OS1l/YmZiNzI1ZWFmZTUu/cG5n,namR,Alternance,il y a 15 heures,Télétravail partiel possible
https://cdn-images.welcometothejungle.com/Ny93J_XnxXihtrUbHvLrP_MAbM-mj0nopt673fCwftg/w:200/q:85/czM6Ly93dHRqLXBy/b2R1Y3Rpb24vdXBs/b2Fkcy9vcmdhbml6/YXRpb24vbG9nby80/MjI0LzE1MTM3OC8x/NmQ1MjFmOC0zYjdi/LTQ3MTYtYmM3OS1l/YmZiNzI1ZWFmZTUu/cG5n,namR,CDI,il y a 15 heures,Paris
https://cdn-images.welcometothejungle.com/9d-7HS8Dr_vygrkjEU6l4NRdHlagtF8RWTkyFON86Pw/w:200/q:85/czM6Ly93dHRqLXBy/b2R1Y3Rpb24vdXBs/b2Fkcy9vcmdhbml6/YXRpb24vbG9nby85/OTU4LzE1MTkyMC8z/ZjFhODY5OS0wY2Iz/LTQxNDEtOWEzMi0z/YmNjYzViOTdhYWQu/cG5n,Société Générale,Alternance,il y a 3 jours,Courbevoie
https://cdn-images.welcometothejungle.com/weYyoA7FEPrJWZtCt5fhupsuAFi-IDNTSiEz0Lr2AtA/w:200/q:85/czM6Ly93dHRqLXBy/b2R1Y3Rpb24vdXBs/b2Fkcy9vcmdhbml6/YXRpb24vbG9nby8y/MDU3LzE0ODIyNC8z/NDg2NzcyOS03ZTY3/LTQwYjgtOTU4ZS1i/Njc2ZmNhNjBkNjMu/anBn,Botify,CDI,il y a 3 jours,Paris
https://cdn-images.welcometothejungle.com/LvNtj18BZTMMuRF2rTwvi9-pxJv9TGv4swyh6p1AT-4/w:200/q:85/czM6Ly93dHRqLXBy/b2R1Y3Rpb24vdXBs/b2Fkcy9vcmdhbml6/YXRpb24vbG9nby85/Mzg1LzE1ODk4Ny9m/YWYyZTBhMy1jMmM4/LTQ4OWUtOTcyOC1l/NzJhMDM4N2NmY2Uu/cG5n,Datascientest,Stage,il y a 3 jours,Puteaux
https://cdn-images.welcometothejungle.com/PXIcd4F4yqFvnz_XaSUiFktkpeR-hDJboysQAPpvnIs/w:200/q:85/czM6Ly93dHRqLXBy/b2R1Y3Rpb24vdXBs/b2Fkcy9vcmdhbml6/YXRpb24vbG9nby80/ODQ1LzE1NzkwMS8x/NTBmMWVjZi02ZTRj/LTRkNzEtYTQwNi1i/OWZlNzY2OGQ0OWQu/cG5n,DialOnce,CDI,il y a 4 jours,Télétravail partiel possible
https://cdn-images.welcometothejungle.com/FnZQGxmsoFRF790Rof0dbAQdZo7zkZuM6f4aqfG94zk/w:200/q:85/czM6Ly93dHRqLXBy/b2R1Y3Rpb24vdXBs/b2Fkcy9vcmdhbml6/YXRpb24vbG9nby80/MzM0LzE0ODU4Ny80/MmM3M2I4MS0wYTc1/LTQ1N2ItODA2NS00/ZjE0ZGZlZjZkOTYu/cG5n,Deepki,CDI,il y a 5 jours,Paris
https://cdn-images.welcometothejungle.com/lqNLuc337_QaNRZlsW__nVIotOQ-G3fT_jwlA1e3w9c/w:200/q:85/czM6Ly93dHRqLXBy/b2R1Y3Rpb24vdXBs/b2Fkcy9vcmdhbml6/YXRpb24vbG9nby82/MzU0LzE1Njk1MC8x/OTFlYzRjOC04ZTgx/LTRhMmMtYTU1Mi1m/ZDM0ODFkOTllMjcu/cG5n,FLEXPER,CDI,il y a 5 jours,Télétravail partiel possible
https://cdn-images.welcometothejungle.com/lqNLuc337_QaNRZlsW__nVIotOQ-G3fT_jwlA1e3w9c/w:200/q:85/czM6Ly93dHRqLXBy/b2R1Y3Rpb24vdXBs/b2Fkcy9vcmdhbml6/YXRpb24vbG9nby82/MzU0LzE1Njk1MC8x/OTFlYzRjOC04ZTgx/LTRhMmMtYTU1Mi1m/ZDM0ODFkOTllMjcu/cG5n,FLEXPER,CDI,il y a 5 jours,Télétravail partiel possible
https://cdn-images.welcometothejungle.com/zoOWsQz2NXuwh778RICw2AI2t-4CtuHjvw1nR-5ksXA/w:200/q:85/czM6Ly93dHRqLXBy/b2R1Y3Rpb24vdXBs/b2Fkcy9vcmdhbml6/YXRpb24vbG9nby8z/Mjc5LzE1MDQxOS82/MTljYWY4YS1iOWE4/LTQyNDktOWFhMi01/NTYwNWEwYWFmNTUu/cG5n,MWM,CDI,il y a 5 jours,Paris
https://cdn-images.welcometothejungle.com/71epAyCCZ1V7J9ohRpfemt2KA4pvPWkwT1qir7VFh4U/w:200/q:85/czM6Ly93dHRqLXBy/b2R1Y3Rpb24vdXBs/b2Fkcy9vcmdhbml6/YXRpb24vbG9nby8z/NjY3LzE0OTgxMy8y/YWQxMDkzZC1mZjNk/LTRkYzAtOGRkMi00/ZjRjZjkwMWM5Mjku/cG5n,Vizzit,CDI,il y a 6 jours,Paris
https://cdn-images.welcometothejungle.com/-NgRous1DyQujgh3Lp3ILHpeiCvomAlJX8F4wLB0at8/w:200/q:85/czM6Ly93dHRqLXBy/b2R1Y3Rpb24vdXBs/b2Fkcy9vcmdhbml6/YXRpb24vbG9nby8y/NDM2LzE1NDgyNi80/NWFjNDYwZi05ODdh/LTRlOWUtOGVmMy0z/YTUzOWRlODFmNzEu/cG5n,QuantCube Technology,CDI,il y a 7 jours,Paris
https://cdn-images.welcometothejungle.com/N8jwRetyvQv_zPtfFVb9gs2iFVZ0FU5DI71zeOzsnWE/w:200/q:85/czM6Ly93dHRqLXBy/b2R1Y3Rpb24vdXBs/b2Fkcy9vcmdhbml6/YXRpb24vbG9nby84/NTY0LzE0ODAwNy9h/ZGIyZTc0NC0yMzAx/LTQ3NzEtYTVkOC1j/ZDJjM2E0ZmY5NTYu/cG5n,Shift Technology,Stage,il y a 10 jours,Paris
https://cdn-images.welcometothejungle.com/N8jwRetyvQv_zPtfFVb9gs2iFVZ0FU5DI71zeOzsnWE/w:200/q:85/czM6Ly93dHRqLXBy/b2R1Y3Rpb24vdXBs/b2Fkcy9vcmdhbml6/YXRpb24vbG9nby84/NTY0LzE0ODAwNy9h/ZGIyZTc0NC0yMzAx/LTQ3NzEtYTVkOC1j/ZDJjM2E0ZmY5NTYu/cG5n,Shift Technology,CDI,il y a 10 jours,Paris
https://cdn-images.welcometothejungle.com/N8jwRetyvQv_zPtfFVb9gs2iFVZ0FU5DI71zeOzsnWE/w:200/q:85/czM6Ly93dHRqLXBy/b2R1Y3Rpb24vdXBs/b2Fkcy9vcmdhbml6/YXRpb24vbG9nby84/NTY0LzE0ODAwNy9h/ZGIyZTc0NC0yMzAx/LTQ3NzEtYTVkOC1j/ZDJjM2E0ZmY5NTYu/cG5n,Shift Technology,CDI,il y a 10 jours,Paris
https://cdn-images.welcometothejungle.com/N8jwRetyvQv_zPtfFVb9gs2iFVZ0FU5DI71zeOzsnWE/w:200/q:85/czM6Ly93dHRqLXBy/b2R1Y3Rpb24vdXBs/b2Fkcy9vcmdhbml6/YXRpb24vbG9nby84/NTY0LzE0ODAwNy9h/ZGIyZTc0NC0yMzAx/LTQ3NzEtYTVkOC1j/ZDJjM2E0ZmY5NTYu/cG5n,Shift Technology,CDI,il y a 10 jours,Paris
https://cdn-images.welcometothejungle.com/N8jwRetyvQv_zPtfFVb9gs2iFVZ0FU5DI71zeOzsnWE/w:200/q:85/czM6Ly93dHRqLXBy/b2R1Y3Rpb24vdXBs/b2Fkcy9vcmdhbml6/YXRpb24vbG9nby84/NTY0LzE0ODAwNy9h/ZGIyZTc0NC0yMzAx/LTQ3NzEtYTVkOC1j/ZDJjM2E0ZmY5NTYu/cG5n,Shift Technology,Stage,il y a 10 jours,Paris
https://cdn-images.welcometothejungle.com/N8jwRetyvQv_zPtfFVb9gs2iFVZ0FU5DI71zeOzsnWE/w:200/q:85/czM6Ly93dHRqLXBy/b2R1Y3Rpb24vdXBs/b2Fkcy9vcmdhbml6/YXRpb24vbG9nby84/NTY0LzE0ODAwNy9h/ZGIyZTc0NC0yMzAx/LTQ3NzEtYTVkOC1j/ZDJjM2E0ZmY5NTYu/cG5n,Shift Technology,CDI,il y a 10 jours,Paris
https://cdn-images.welcometothejungle.com/O6YE5XIM0FFMeOC8hHO82wbK2NH0beHSrpglFDi_X24/w:200/q:85/czM6Ly93dHRqLXBy/b2R1Y3Rpb24vdXBs/b2Fkcy9vcmdhbml6/YXRpb24vbG9nby83/MDcxLzE2MDc5Ni9i/NmFmZjM1OS0wNWU2/LTRjMGUtOTkwZi1m/NzlhZGJlNWViMmMu/cG5n,LittleBigCode,CDI,il y a 10 jours,Neuilly-Sur-Seine
https://cdn-images.welcometothejungle.com/vmJ0-5CqSnNI39XpdUicjPVl8INYppJHZXSOQcclIo4/w:200/q:85/czM6Ly93dHRqLXBy/b2R1Y3Rpb24vdXBs/b2Fkcy9vcmdhbml6/YXRpb24vbG9nby8w/Mjg4LzE2MjI0NS82/NGRlOGMyNi0wYTVm/LTQzNmMtOGI3OC0w/MGQ0YzM0Mjc2MjYu/cG5n,Dataleon,CDI,il y a 11 jours,Levallois-Perret
https://cdn-images.welcometothejungle.com/K1e9vtNcQ5XYtcpLRboT4Wd3T_8iO4YK-QqqtaJBgOs/w:200/q:85/czM6Ly93dHRqLXBy/b2R1Y3Rpb24vdXBs/b2Fkcy9vcmdhbml6/YXRpb24vbG9nby84/NzI2LzE1NTkxMS85/NGYwYTc3ZS00NDhh/LTRhZDMtOWE4Mi03/YWFjYjdiYjVhODUu/anBn,relevanC,CDI,il y a 11 jours,Paris
https://cdn-images.welcometothejungle.com/L753MhvTkt-RZft30Yfgk4cQymvX7ZLg5_Bkf0PPt2M/w:200/q:85/czM6Ly93dHRqLXBy/b2R1Y3Rpb24vdXBs/b2Fkcy9vcmdhbml6/YXRpb24vbG9nby8x/MjYzLzE2MTE4My83/MjM2NDE2Mi0wMDdj/LTRkZDgtOTlmZS00/OWI5MGIzMzE4NjAu/cG5n,Sanofi,CDI,il y a 12 jours,Gentilly
